user,gender,fb_friend_count,sender_count,recipient_count,caller_count,callee_count
0,0,19.0,62.0,74.0,3.0,6.0
1,-1,6.0,2.0,1.0,0.0,0.0
2,0,7.0,0.0,0.0,0.0,0.0
3,0,18.0,147.0,147.0,11.0,10.0
4,0,30.0,82.0,69.0,24.0,20.0
5,0,26.0,21.0,18.0,1.0,5.0
6,1,18.0,46.0,34.0,11.0,6.0
7,1,6.0,0.0,0.0,1.0,0.0
8,0,6.0,13.0,17.0,7.0,8.0
9,0,2.0,1.0,0.0,0.0,0.0
10,0,8.0,0.0,0.0,0.0,0.0
11,0,9.0,1.0,1.0,0.0,1.0
12,0,21.0,68.0,73.0,13.0,9.0
13,0,78.0,68.0,64.0,21.0,21.0
14,0,0.0,15.0,12.0,1.0,0.0
15,0,62.0,15.0,19.0,10.0,10.0
16,0,7.0,0.0,0.0,2.0,0.0
17,0,11.0,0.0,0.0,1.0,1.0
18,0,9.0,59.0,58.0,0.0,0.0
19,0,10.0,17.0,8.0,17.0,12.0
20,0,0.0,313.0,496.0,20.0,68.0
21,1,0.0,486.0,302.0,68.0,19.0
22,0,13.0,5.0,4.0,3.0,5.0
23,0,8.0,44.0,38.0,8.0,1.0
24,0,0.0,9.0,8.0,2.0,1.0
25,0,12.0,11.0,16.0,3.0,3.0
26,-1,3.0,3.0,4.0,0.0,0.0
27,0,21.0,48.0,55.0,6.0,6.0
28,0,14.0,7.0,8.0,3.0,7.0
29,0,30.0,2.0,1.0,0.0,0.0
30,0,24.0,0.0,0.0,0.0,0.0
31,-1,10.0,11.0,7.0,0.0,3.0
32,1,11.0,0.0,0.0,0.0,0.0
33,0,25.0,52.0,57.0,5.0,6.0
34,0,8.0,0.0,0.0,0.0,0.0
35,0,3.0,8.0,8.0,0.0,1.0
36,1,33.0,215.0,187.0,24.0,26.0
37,0,39.0,120.0,150.0,51.0,23.0
38,0,32.0,0.0,0.0,1.0,0.0
39,0,33.0,85.0,70.0,28.0,21.0
40,0,,,,,
41,1,10.0,0.0,0.0,0.0,0.0
42,0,13.0,2.0,1.0,1.0,1.0
43,0,14.0,8.0,8.0,1.0,0.0
44,0,7.0,0.0,0.0,0.0,0.0
45,0,2.0,0.0,0.0,0.0,0.0
46,1,26.0,29.0,25.0,4.0,12.0
47,0,10.0,28.0,53.0,44.0,35.0
48,1,16.0,168.0,104.0,37.0,26.0
49,0,38.0,172.0,250.0,39.0,52.0
50,0,10.0,5.0,4.0,0.0,1.0
51,1,14.0,62.0,54.0,6.0,9.0
52,0,65.0,22.0,29.0,11.0,8.0
53,1,6.0,0.0,0.0,0.0,0.0
54,1,23.0,3.0,2.0,0.0,0.0
55,0,15.0,25.0,26.0,0.0,0.0
56,-1,8.0,7.0,1.0,4.0,1.0
57,0,7.0,9.0,15.0,0.0,4.0
58,0,22.0,23.0,12.0,5.0,3.0
59,0,7.0,8.0,10.0,2.0,13.0
60,-1,18.0,0.0,0.0,0.0,0.0
61,1,19.0,26.0,25.0,0.0,0.0
62,0,3.0,5.0,6.0,1.0,0.0
63,0,8.0,10.0,13.0,2.0,4.0
64,0,16.0,12.0,23.0,0.0,3.0
65,0,15.0,2.0,1.0,0.0,1.0
66,1,8.0,1.0,1.0,2.0,2.0
67,0,6.0,22.0,17.0,2.0,5.0
68,1,17.0,6.0,5.0,1.0,3.0
69,0,32.0,18.0,15.0,11.0,21.0
70,0,0.0,8.0,8.0,0.0,1.0
71,0,12.0,2.0,1.0,1.0,0.0
72,0,19.0,6.0,5.0,1.0,0.0
73,0,13.0,12.0,17.0,0.0,1.0
74,1,30.0,15.0,14.0,8.0,1.0
75,1,65.0,26.0,40.0,1.0,5.0
76,0,15.0,18.0,22.0,1.0,1.0
77,0,1.0,0.0,0.0,0.0,0.0
78,0,16.0,0.0,0.0,0.0,0.0
79,0,18.0,12.0,13.0,4.0,3.0
80,0,22.0,0.0,0.0,0.0,2.0
81,0,62.0,0.0,1.0,2.0,0.0
82,0,2.0,8.0,9.0,1.0,2.0
83,0,20.0,2.0,1.0,0.0,1.0
84,0,6.0,0.0,0.0,0.0,0.0
85,0,25.0,47.0,34.0,21.0,4.0
86,0,3.0,0.0,0.0,0.0,0.0
87,0,13.0,0.0,0.0,0.0,0.0
88,0,34.0,25.0,19.0,17.0,8.0
89,0,0.0,8.0,10.0,1.0,3.0
90,1,25.0,395.0,452.0,38.0,47.0
91,0,13.0,428.0,378.0,38.0,27.0
92,0,0.0,20.0,20.0,7.0,8.0
93,1,8.0,188.0,260.0,3.0,2.0
94,0,13.0,9.0,17.0,4.0,2.0
95,0,10.0,31.0,54.0,15.0,21.0
96,1,61.0,28.0,24.0,18.0,7.0
97,0,15.0,39.0,29.0,5.0,6.0
98,0,2.0,12.0,10.0,11.0,5.0
99,0,24.0,3.0,4.0,0.0,0.0
100,1,40.0,66.0,77.0,9.0,6.0
101,0,0.0,0.0,0.0,1.0,0.0
102,0,6.0,64.0,61.0,5.0,9.0
103,0,1.0,0.0,0.0,0.0,0.0
104,1,39.0,125.0,115.0,13.0,2.0
105,0,8.0,18.0,13.0,4.0,8.0
106,0,15.0,20.0,27.0,15.0,18.0
107,1,27.0,0.0,0.0,0.0,2.0
108,0,42.0,17.0,18.0,8.0,4.0
109,-1,18.0,48.0,65.0,18.0,12.0
110,1,3.0,0.0,0.0,0.0,0.0
111,0,25.0,5.0,7.0,7.0,7.0
112,1,8.0,0.0,1.0,0.0,0.0
113,1,6.0,0.0,0.0,0.0,1.0
114,0,7.0,58.0,73.0,0.0,1.0
115,0,30.0,63.0,54.0,1.0,1.0
116,0,5.0,21.0,14.0,4.0,15.0
117,0,11.0,0.0,0.0,2.0,3.0
118,0,31.0,4.0,6.0,0.0,2.0
119,0,7.0,89.0,80.0,8.0,3.0
120,0,3.0,49.0,58.0,5.0,3.0
121,0,12.0,27.0,28.0,6.0,0.0
122,0,33.0,64.0,62.0,3.0,4.0
123,1,18.0,9.0,4.0,0.0,0.0
124,0,,,,,
125,0,1.0,0.0,0.0,0.0,0.0
126,0,5.0,10.0,10.0,1.0,2.0
127,0,4.0,0.0,0.0,0.0,0.0
128,0,20.0,15.0,18.0,4.0,1.0
129,0,8.0,5.0,6.0,2.0,4.0
130,0,18.0,0.0,0.0,0.0,0.0
131,1,24.0,16.0,12.0,6.0,4.0
132,1,16.0,0.0,0.0,0.0,0.0
133,0,21.0,59.0,53.0,8.0,8.0
134,-1,3.0,0.0,0.0,0.0,0.0
135,1,23.0,3.0,1.0,1.0,1.0
136,0,18.0,318.0,326.0,19.0,21.0
137,1,27.0,321.0,305.0,17.0,18.0
138,0,12.0,0.0,0.0,0.0,0.0
139,0,31.0,72.0,83.0,6.0,4.0
140,0,16.0,25.0,22.0,8.0,1.0
141,0,12.0,120.0,124.0,1.0,1.0
142,0,14.0,0.0,0.0,0.0,1.0
143,-1,9.0,5.0,4.0,4.0,3.0
144,0,16.0,49.0,54.0,25.0,11.0
145,0,2.0,14.0,16.0,8.0,6.0
146,1,25.0,69.0,79.0,8.0,9.0
147,0,18.0,14.0,18.0,13.0,7.0
148,0,31.0,2.0,0.0,0.0,0.0
149,0,0.0,63.0,56.0,4.0,5.0
150,0,2.0,0.0,0.0,0.0,0.0
151,1,30.0,47.0,51.0,4.0,1.0
152,0,14.0,65.0,65.0,15.0,11.0
153,0,4.0,7.0,7.0,3.0,3.0
154,1,24.0,14.0,12.0,0.0,0.0
155,0,15.0,12.0,15.0,1.0,1.0
156,0,8.0,0.0,0.0,0.0,0.0
157,1,23.0,24.0,23.0,5.0,0.0
158,1,39.0,21.0,24.0,7.0,12.0
159,-1,0.0,0.0,0.0,0.0,1.0
160,0,4.0,0.0,0.0,0.0,0.0
161,0,10.0,2.0,11.0,0.0,1.0
162,1,30.0,0.0,1.0,0.0,1.0
163,0,12.0,34.0,45.0,0.0,1.0
164,1,8.0,146.0,115.0,1.0,1.0
165,1,10.0,5.0,5.0,3.0,2.0
166,-1,26.0,54.0,39.0,8.0,14.0
167,0,7.0,3.0,3.0,3.0,4.0
168,0,6.0,0.0,0.0,0.0,0.0
169,0,14.0,6.0,6.0,12.0,4.0
170,0,0.0,32.0,34.0,1.0,0.0
171,0,32.0,34.0,32.0,5.0,1.0
172,0,7.0,101.0,120.0,6.0,16.0
173,0,32.0,15.0,14.0,6.0,12.0
174,1,23.0,12.0,24.0,1.0,11.0
175,-1,13.0,142.0,162.0,3.0,6.0
176,1,63.0,1107.0,964.0,9.0,15.0
177,1,20.0,20.0,16.0,2.0,0.0
178,0,25.0,59.0,54.0,4.0,6.0
179,0,9.0,79.0,78.0,6.0,11.0
180,0,19.0,21.0,21.0,1.0,10.0
181,0,24.0,0.0,0.0,0.0,0.0
182,0,18.0,1.0,0.0,0.0,0.0
183,1,22.0,5.0,3.0,1.0,2.0
184,0,6.0,0.0,0.0,0.0,0.0
185,0,10.0,0.0,3.0,12.0,14.0
186,0,62.0,6.0,9.0,3.0,4.0
187,1,12.0,6.0,6.0,0.0,0.0
188,0,17.0,14.0,18.0,0.0,3.0
189,1,16.0,0.0,0.0,0.0,0.0
190,0,53.0,16.0,15.0,14.0,10.0
191,0,9.0,1.0,1.0,0.0,1.0
192,0,20.0,34.0,29.0,1.0,1.0
193,0,25.0,80.0,73.0,1.0,3.0
194,0,18.0,65.0,77.0,2.0,1.0
195,1,19.0,12.0,16.0,0.0,2.0
196,1,16.0,0.0,0.0,0.0,0.0
197,1,0.0,21.0,19.0,4.0,5.0
198,0,9.0,0.0,0.0,0.0,0.0
199,0,9.0,2.0,2.0,0.0,1.0
200,0,32.0,20.0,17.0,2.0,2.0
201,0,21.0,13.0,12.0,2.0,1.0
202,-1,7.0,47.0,55.0,4.0,4.0
203,0,7.0,25.0,26.0,1.0,1.0
204,0,10.0,5.0,5.0,1.0,2.0
205,0,15.0,3.0,4.0,0.0,0.0
206,0,6.0,0.0,0.0,2.0,7.0
207,0,28.0,12.0,11.0,19.0,26.0
208,0,33.0,34.0,46.0,8.0,26.0
209,0,9.0,0.0,0.0,0.0,0.0
210,0,9.0,3.0,11.0,4.0,31.0
211,1,20.0,5.0,7.0,1.0,0.0
212,0,13.0,13.0,11.0,2.0,4.0
213,0,12.0,24.0,20.0,0.0,0.0
214,0,6.0,9.0,10.0,4.0,1.0
215,0,8.0,1.0,3.0,0.0,1.0
216,0,7.0,0.0,0.0,0.0,0.0
217,1,45.0,26.0,32.0,1.0,6.0
218,1,23.0,237.0,206.0,5.0,8.0
219,0,60.0,0.0,1.0,0.0,1.0
220,0,17.0,10.0,13.0,7.0,3.0
221,0,66.0,54.0,74.0,54.0,19.0
222,0,9.0,2.0,2.0,4.0,1.0
223,0,5.0,0.0,0.0,0.0,0.0
224,0,4.0,10.0,6.0,0.0,2.0
225,1,11.0,45.0,55.0,25.0,14.0
226,0,28.0,0.0,0.0,0.0,0.0
227,0,19.0,34.0,18.0,5.0,1.0
228,0,14.0,0.0,0.0,0.0,1.0
229,0,13.0,10.0,8.0,0.0,0.0
230,0,5.0,0.0,0.0,0.0,0.0
231,0,8.0,0.0,0.0,0.0,0.0
232,0,1.0,4.0,4.0,0.0,0.0
233,0,14.0,0.0,1.0,0.0,0.0
234,0,11.0,4.0,4.0,0.0,0.0
235,1,24.0,37.0,40.0,8.0,7.0
236,0,34.0,10.0,4.0,1.0,1.0
237,0,10.0,113.0,137.0,4.0,11.0
238,0,16.0,4.0,3.0,0.0,0.0
239,1,17.0,2.0,1.0,1.0,0.0
240,0,15.0,5.0,7.0,1.0,1.0
241,0,11.0,0.0,0.0,0.0,0.0
242,0,15.0,73.0,61.0,4.0,4.0
243,0,16.0,17.0,10.0,12.0,4.0
244,0,15.0,7.0,9.0,4.0,2.0
245,-1,12.0,0.0,0.0,0.0,0.0
246,0,9.0,15.0,12.0,2.0,0.0
247,1,3.0,0.0,0.0,0.0,0.0
248,0,8.0,0.0,0.0,0.0,2.0
249,0,23.0,12.0,14.0,0.0,0.0
250,0,4.0,36.0,40.0,14.0,5.0
251,0,5.0,0.0,0.0,0.0,0.0
252,0,7.0,1.0,1.0,3.0,3.0
253,0,5.0,11.0,17.0,0.0,1.0
254,0,21.0,19.0,14.0,20.0,11.0
255,-1,4.0,0.0,0.0,0.0,0.0
256,0,13.0,6.0,7.0,5.0,1.0
257,-1,24.0,16.0,24.0,1.0,18.0
258,0,10.0,1.0,0.0,6.0,6.0
259,0,14.0,7.0,5.0,2.0,3.0
260,1,17.0,8.0,10.0,6.0,6.0
261,0,11.0,0.0,0.0,0.0,1.0
262,1,34.0,7.0,3.0,13.0,2.0
263,1,71.0,20.0,11.0,33.0,9.0
264,0,2.0,0.0,0.0,0.0,0.0
265,1,11.0,7.0,6.0,0.0,5.0
266,0,23.0,53.0,55.0,13.0,21.0
267,0,27.0,10.0,16.0,15.0,8.0
268,0,44.0,79.0,89.0,20.0,21.0
269,0,20.0,18.0,19.0,9.0,10.0
270,-1,9.0,0.0,0.0,0.0,0.0
271,0,0.0,33.0,36.0,2.0,1.0
272,0,33.0,37.0,44.0,13.0,6.0
273,0,14.0,16.0,10.0,7.0,5.0
274,1,22.0,265.0,263.0,4.0,3.0
275,1,15.0,5.0,4.0,0.0,0.0
276,0,15.0,12.0,20.0,0.0,0.0
277,1,15.0,0.0,0.0,0.0,0.0
278,0,0.0,167.0,149.0,27.0,17.0
279,0,11.0,1448.0,1412.0,3.0,3.0
280,0,51.0,23.0,26.0,6.0,10.0
281,1,9.0,0.0,0.0,0.0,0.0
282,0,18.0,4.0,7.0,2.0,3.0
283,0,15.0,12.0,12.0,5.0,9.0
284,1,12.0,2.0,1.0,0.0,0.0
285,0,14.0,2.0,2.0,0.0,2.0
286,0,12.0,6.0,6.0,0.0,0.0
287,0,11.0,0.0,0.0,0.0,0.0
288,0,29.0,156.0,161.0,9.0,28.0
289,0,2.0,166.0,142.0,94.0,42.0
290,0,17.0,14.0,15.0,1.0,0.0
291,1,24.0,35.0,38.0,1.0,5.0
292,0,7.0,7.0,1.0,1.0,1.0
293,1,11.0,0.0,0.0,0.0,0.0
294,0,37.0,79.0,59.0,2.0,3.0
295,0,15.0,0.0,0.0,0.0,3.0
296,1,12.0,349.0,515.0,0.0,0.0
297,0,18.0,13.0,8.0,13.0,7.0
298,1,2.0,0.0,0.0,0.0,0.0
299,0,21.0,335.0,323.0,12.0,8.0
300,1,65.0,101.0,89.0,35.0,21.0
301,0,35.0,76.0,79.0,31.0,55.0
302,0,4.0,0.0,0.0,0.0,0.0
303,0,3.0,0.0,0.0,0.0,0.0
304,0,16.0,110.0,127.0,4.0,2.0
305,-1,8.0,0.0,0.0,0.0,0.0
306,0,33.0,6.0,5.0,0.0,2.0
307,0,7.0,0.0,0.0,0.0,0.0
308,1,20.0,57.0,42.0,5.0,5.0
309,0,7.0,0.0,0.0,0.0,0.0
310,0,11.0,21.0,23.0,3.0,6.0
311,1,22.0,14.0,14.0,2.0,1.0
312,-1,7.0,5.0,7.0,0.0,1.0
313,0,9.0,0.0,0.0,0.0,0.0
314,0,7.0,82.0,77.0,6.0,8.0
315,0,31.0,3.0,3.0,2.0,0.0
316,0,7.0,0.0,0.0,0.0,0.0
317,0,15.0,9.0,10.0,0.0,1.0
318,0,5.0,0.0,0.0,0.0,0.0
319,0,,,,,
320,1,11.0,0.0,0.0,0.0,0.0
321,1,0.0,24.0,18.0,7.0,2.0
322,-1,0.0,18.0,23.0,3.0,7.0
323,0,25.0,3.0,1.0,2.0,0.0
324,0,72.0,48.0,44.0,8.0,22.0
325,0,7.0,2.0,10.0,5.0,5.0
326,1,13.0,9.0,10.0,1.0,2.0
327,0,9.0,1.0,0.0,5.0,1.0
328,0,7.0,0.0,0.0,0.0,1.0
329,0,4.0,0.0,0.0,0.0,0.0
330,1,32.0,6.0,11.0,2.0,6.0
331,-1,15.0,77.0,86.0,20.0,5.0
332,0,6.0,5.0,4.0,0.0,0.0
333,0,21.0,2.0,5.0,1.0,3.0
334,0,15.0,20.0,21.0,1.0,3.0
335,1,9.0,178.0,192.0,16.0,24.0
336,0,21.0,1.0,3.0,0.0,0.0
337,0,5.0,16.0,15.0,7.0,9.0
338,1,12.0,0.0,0.0,0.0,0.0
339,0,19.0,24.0,25.0,4.0,6.0
340,0,3.0,48.0,56.0,0.0,3.0
341,0,12.0,10.0,8.0,8.0,3.0
342,1,51.0,35.0,34.0,6.0,10.0
343,0,8.0,0.0,0.0,1.0,6.0
344,0,24.0,20.0,24.0,3.0,15.0
345,0,14.0,1.0,2.0,1.0,0.0
346,0,17.0,0.0,0.0,1.0,0.0
347,0,8.0,0.0,0.0,0.0,0.0
348,0,18.0,3.0,7.0,0.0,3.0
349,0,5.0,0.0,0.0,0.0,0.0
350,0,24.0,8.0,8.0,0.0,1.0
351,0,30.0,44.0,27.0,13.0,5.0
352,0,18.0,3.0,3.0,0.0,4.0
353,0,12.0,0.0,0.0,0.0,0.0
354,1,16.0,16.0,19.0,19.0,15.0
355,1,10.0,6.0,5.0,1.0,1.0
356,0,19.0,22.0,14.0,31.0,7.0
357,1,19.0,119.0,111.0,3.0,17.0
358,1,48.0,47.0,40.0,11.0,12.0
359,0,18.0,42.0,38.0,10.0,9.0
360,0,14.0,3.0,4.0,7.0,7.0
361,0,1.0,1.0,2.0,0.0,0.0
362,0,5.0,2.0,3.0,1.0,0.0
363,0,10.0,13.0,17.0,1.0,3.0
364,0,6.0,64.0,68.0,12.0,7.0
365,1,13.0,1.0,2.0,0.0,0.0
366,0,0.0,1.0,1.0,0.0,0.0
367,0,7.0,8.0,5.0,0.0,1.0
368,1,16.0,27.0,32.0,0.0,0.0
369,0,3.0,0.0,0.0,0.0,0.0
370,0,13.0,20.0,13.0,0.0,0.0
371,1,50.0,64.0,69.0,3.0,6.0
372,0,21.0,26.0,24.0,3.0,8.0
373,0,60.0,4.0,5.0,0.0,8.0
374,0,23.0,13.0,21.0,7.0,19.0
375,0,9.0,0.0,0.0,0.0,0.0
376,0,19.0,66.0,50.0,1.0,0.0
377,-1,18.0,0.0,0.0,0.0,0.0
378,0,30.0,20.0,18.0,15.0,17.0
379,0,8.0,64.0,61.0,8.0,5.0
380,0,0.0,4.0,6.0,1.0,0.0
381,0,27.0,2.0,2.0,3.0,9.0
382,0,5.0,165.0,195.0,7.0,5.0
383,1,8.0,17.0,13.0,4.0,5.0
384,0,4.0,0.0,0.0,0.0,0.0
385,0,29.0,0.0,0.0,0.0,0.0
386,0,8.0,14.0,15.0,5.0,5.0
387,0,11.0,0.0,0.0,0.0,0.0
388,0,20.0,52.0,49.0,8.0,0.0
389,0,3.0,1.0,2.0,0.0,0.0
390,0,17.0,97.0,100.0,7.0,7.0
391,0,7.0,130.0,162.0,1.0,1.0
392,0,19.0,1.0,3.0,0.0,2.0
393,0,26.0,0.0,4.0,0.0,0.0
394,1,15.0,7.0,11.0,9.0,5.0
395,1,16.0,13.0,11.0,2.0,3.0
396,0,17.0,1.0,0.0,1.0,1.0
397,0,6.0,17.0,20.0,7.0,5.0
398,0,26.0,0.0,0.0,0.0,0.0
399,0,13.0,22.0,22.0,5.0,0.0
400,0,9.0,0.0,0.0,0.0,0.0
401,0,56.0,82.0,94.0,21.0,28.0
402,0,22.0,4.0,2.0,5.0,7.0
403,0,24.0,17.0,15.0,4.0,9.0
404,1,10.0,0.0,0.0,0.0,0.0
405,1,31.0,76.0,81.0,42.0,52.0
406,0,26.0,6.0,5.0,1.0,6.0
407,0,11.0,0.0,0.0,0.0,0.0
408,0,8.0,1.0,0.0,0.0,0.0
409,0,8.0,26.0,23.0,0.0,0.0
410,0,10.0,0.0,0.0,0.0,0.0
411,0,20.0,0.0,0.0,0.0,0.0
412,0,11.0,2.0,2.0,0.0,1.0
413,0,15.0,18.0,22.0,2.0,5.0
414,1,10.0,34.0,38.0,0.0,0.0
415,1,31.0,41.0,35.0,2.0,2.0
416,1,23.0,10.0,8.0,0.0,3.0
417,0,2.0,0.0,0.0,0.0,2.0
418,0,0.0,2.0,3.0,0.0,4.0
419,0,9.0,92.0,81.0,18.0,19.0
420,0,1.0,19.0,21.0,28.0,28.0
421,0,22.0,16.0,20.0,2.0,3.0
422,0,0.0,20.0,14.0,2.0,4.0
423,0,23.0,5.0,7.0,5.0,3.0
424,0,30.0,24.0,22.0,41.0,25.0
425,0,2.0,0.0,0.0,0.0,0.0
426,0,8.0,0.0,0.0,0.0,0.0
427,0,5.0,9.0,7.0,3.0,4.0
428,0,3.0,0.0,0.0,7.0,2.0
429,0,8.0,0.0,0.0,0.0,0.0
430,0,2.0,10.0,9.0,1.0,4.0
431,0,20.0,0.0,0.0,0.0,0.0
432,0,18.0,1.0,2.0,0.0,0.0
433,0,2.0,0.0,0.0,0.0,0.0
434,0,1.0,0.0,0.0,0.0,0.0
435,0,6.0,7.0,8.0,4.0,0.0
436,0,24.0,20.0,20.0,10.0,9.0
437,0,17.0,9.0,8.0,0.0,0.0
438,0,14.0,7.0,4.0,0.0,2.0
439,1,14.0,0.0,0.0,0.0,0.0
440,0,22.0,1.0,1.0,1.0,2.0
441,0,13.0,17.0,20.0,10.0,9.0
442,0,9.0,10.0,11.0,0.0,1.0
443,1,10.0,0.0,0.0,0.0,0.0
444,0,49.0,16.0,23.0,11.0,10.0
445,0,8.0,5.0,4.0,3.0,0.0
446,0,14.0,10.0,12.0,7.0,18.0
447,0,2.0,0.0,0.0,0.0,0.0
448,0,23.0,116.0,112.0,9.0,5.0
449,0,12.0,39.0,22.0,26.0,33.0
450,0,7.0,0.0,0.0,0.0,0.0
451,0,4.0,1.0,1.0,0.0,0.0
452,-1,9.0,4.0,4.0,0.0,0.0
453,0,6.0,1.0,1.0,0.0,2.0
454,-1,21.0,15.0,10.0,3.0,6.0
455,0,11.0,7.0,3.0,8.0,3.0
456,0,3.0,0.0,0.0,0.0,0.0
457,0,34.0,31.0,25.0,5.0,18.0
458,-1,10.0,23.0,20.0,0.0,0.0
459,0,2.0,14.0,15.0,6.0,8.0
460,0,7.0,0.0,0.0,0.0,0.0
461,0,10.0,4.0,5.0,3.0,1.0
462,0,19.0,4.0,4.0,0.0,0.0
463,0,5.0,0.0,0.0,0.0,0.0
464,1,20.0,9.0,7.0,1.0,0.0
465,0,12.0,60.0,109.0,8.0,25.0
466,0,34.0,13.0,14.0,12.0,3.0
467,0,14.0,0.0,0.0,3.0,0.0
468,0,4.0,7.0,10.0,5.0,3.0
469,1,29.0,21.0,22.0,0.0,5.0
470,1,21.0,6.0,7.0,6.0,47.0
471,1,13.0,4.0,6.0,3.0,5.0
472,0,72.0,83.0,86.0,9.0,11.0
473,0,8.0,4.0,4.0,0.0,10.0
474,0,23.0,131.0,117.0,20.0,17.0
475,0,12.0,54.0,63.0,0.0,0.0
476,1,27.0,8.0,13.0,0.0,9.0
477,1,11.0,16.0,16.0,0.0,0.0
478,0,19.0,0.0,0.0,2.0,1.0
479,0,18.0,4.0,6.0,1.0,4.0
480,0,13.0,61.0,43.0,13.0,4.0
481,1,0.0,797.0,555.0,2.0,3.0
482,0,19.0,20.0,12.0,4.0,0.0
483,0,14.0,0.0,0.0,0.0,1.0
484,1,15.0,9.0,14.0,0.0,0.0
485,0,101.0,120.0,111.0,23.0,9.0
486,1,57.0,3.0,4.0,0.0,2.0
487,0,31.0,0.0,0.0,0.0,0.0
488,0,8.0,19.0,29.0,0.0,0.0
489,0,9.0,33.0,27.0,0.0,2.0
490,0,18.0,2.0,2.0,3.0,1.0
491,0,11.0,14.0,15.0,25.0,8.0
492,0,26.0,118.0,103.0,24.0,20.0
493,0,3.0,0.0,0.0,0.0,0.0
494,0,14.0,26.0,26.0,2.0,1.0
495,0,1.0,17.0,16.0,24.0,31.0
496,0,13.0,0.0,0.0,0.0,0.0
497,1,9.0,0.0,0.0,0.0,0.0
498,0,2.0,0.0,0.0,0.0,0.0
499,1,25.0,36.0,25.0,7.0,6.0
500,0,2.0,1.0,1.0,2.0,2.0
501,0,2.0,0.0,0.0,0.0,0.0
502,0,19.0,0.0,0.0,2.0,2.0
503,0,49.0,15.0,11.0,9.0,7.0
504,0,12.0,0.0,0.0,2.0,5.0
505,0,25.0,23.0,25.0,3.0,13.0
506,0,16.0,17.0,27.0,1.0,9.0
507,1,19.0,34.0,34.0,11.0,11.0
508,0,10.0,0.0,0.0,0.0,2.0
509,0,16.0,4.0,5.0,0.0,0.0
510,0,19.0,0.0,0.0,1.0,4.0
511,0,,,,,
512,1,45.0,357.0,330.0,7.0,7.0
513,0,9.0,12.0,14.0,1.0,1.0
514,0,11.0,0.0,0.0,1.0,1.0
515,0,2.0,0.0,0.0,0.0,0.0
516,0,1.0,0.0,0.0,0.0,0.0
517,0,6.0,0.0,0.0,1.0,1.0
518,0,5.0,0.0,0.0,0.0,0.0
519,0,16.0,10.0,15.0,1.0,1.0
520,0,14.0,0.0,0.0,0.0,0.0
521,1,64.0,71.0,66.0,16.0,14.0
522,0,9.0,8.0,7.0,7.0,8.0
523,0,11.0,3.0,2.0,0.0,0.0
524,1,51.0,25.0,32.0,2.0,3.0
525,1,28.0,0.0,0.0,0.0,0.0
526,0,4.0,0.0,3.0,0.0,1.0
527,0,9.0,49.0,45.0,11.0,5.0
528,1,21.0,4.0,4.0,0.0,1.0
529,1,13.0,0.0,0.0,0.0,0.0
530,0,9.0,0.0,0.0,0.0,0.0
531,0,7.0,59.0,56.0,6.0,12.0
532,0,39.0,6.0,4.0,0.0,1.0
533,0,11.0,8.0,10.0,0.0,1.0
534,0,21.0,2.0,1.0,5.0,3.0
535,0,9.0,38.0,28.0,2.0,0.0
536,0,6.0,9.0,8.0,0.0,0.0
537,0,18.0,10.0,10.0,5.0,4.0
538,0,16.0,5.0,6.0,0.0,1.0
539,0,15.0,3.0,0.0,1.0,0.0
540,0,19.0,13.0,11.0,3.0,1.0
541,0,21.0,21.0,32.0,3.0,1.0
542,-1,5.0,3.0,0.0,1.0,4.0
543,0,35.0,19.0,16.0,4.0,4.0
544,0,3.0,0.0,0.0,0.0,0.0
545,1,21.0,1.0,3.0,1.0,0.0
546,1,19.0,76.0,70.0,4.0,5.0
547,0,9.0,4.0,3.0,0.0,2.0
548,0,2.0,49.0,47.0,1.0,3.0
549,0,8.0,20.0,14.0,2.0,7.0
550,1,30.0,0.0,1.0,0.0,1.0
551,0,12.0,57.0,43.0,10.0,5.0
552,0,15.0,5.0,5.0,0.0,5.0
553,0,8.0,4.0,5.0,0.0,2.0
554,0,3.0,11.0,6.0,2.0,4.0
555,1,2.0,0.0,0.0,0.0,0.0
556,1,13.0,41.0,65.0,2.0,9.0
557,1,8.0,101.0,106.0,19.0,18.0
558,1,8.0,19.0,20.0,1.0,0.0
559,0,11.0,1.0,0.0,4.0,1.0
560,0,15.0,107.0,110.0,36.0,52.0
561,0,8.0,13.0,13.0,29.0,13.0
562,1,16.0,1.0,0.0,0.0,1.0
563,0,16.0,0.0,0.0,0.0,0.0
564,0,16.0,8.0,11.0,2.0,2.0
565,0,1.0,0.0,0.0,0.0,0.0
566,-1,11.0,0.0,0.0,0.0,0.0
567,0,20.0,22.0,14.0,12.0,17.0
568,0,12.0,10.0,9.0,0.0,0.0
569,1,18.0,111.0,60.0,24.0,7.0
570,0,6.0,39.0,29.0,0.0,0.0
571,1,11.0,7.0,2.0,2.0,0.0
572,0,25.0,23.0,25.0,20.0,12.0
573,0,5.0,0.0,0.0,0.0,0.0
574,0,22.0,16.0,16.0,0.0,7.0
575,0,16.0,8.0,10.0,14.0,0.0
576,0,19.0,0.0,0.0,0.0,0.0
577,-1,7.0,0.0,0.0,0.0,0.0
578,0,59.0,1003.0,1158.0,67.0,101.0
579,0,3.0,0.0,0.0,0.0,0.0
580,0,17.0,33.0,25.0,5.0,5.0
581,0,18.0,0.0,0.0,0.0,0.0
582,0,16.0,4.0,3.0,2.0,6.0
583,0,28.0,7.0,15.0,3.0,8.0
584,0,6.0,53.0,57.0,9.0,6.0
585,0,5.0,8.0,13.0,1.0,4.0
586,0,9.0,41.0,49.0,9.0,8.0
587,0,9.0,0.0,0.0,0.0,0.0
588,1,19.0,21.0,20.0,2.0,0.0
589,1,23.0,20.0,25.0,3.0,2.0
590,0,44.0,0.0,1.0,0.0,0.0
591,0,0.0,0.0,0.0,2.0,0.0
592,0,3.0,4.0,2.0,2.0,1.0
593,0,11.0,1.0,2.0,0.0,1.0
594,0,4.0,0.0,0.0,0.0,0.0
595,0,6.0,4.0,8.0,12.0,12.0
596,0,10.0,14.0,13.0,0.0,0.0
597,0,9.0,0.0,0.0,0.0,0.0
598,0,41.0,33.0,24.0,6.0,6.0
599,0,30.0,3.0,5.0,1.0,2.0
600,1,17.0,3.0,4.0,6.0,0.0
601,0,11.0,56.0,48.0,4.0,0.0
602,0,10.0,0.0,0.0,0.0,0.0
603,0,3.0,0.0,0.0,0.0,0.0
604,-1,9.0,0.0,0.0,0.0,0.0
605,-1,12.0,1.0,3.0,1.0,1.0
606,-1,13.0,4.0,6.0,4.0,7.0
607,0,6.0,21.0,20.0,3.0,1.0
608,0,8.0,3.0,3.0,0.0,0.0
609,-1,5.0,0.0,0.0,0.0,0.0
610,0,9.0,0.0,0.0,0.0,0.0
611,1,35.0,56.0,44.0,5.0,6.0
612,0,15.0,7.0,7.0,3.0,3.0
613,0,0.0,2.0,1.0,0.0,0.0
614,1,20.0,23.0,30.0,0.0,1.0
615,1,16.0,38.0,38.0,10.0,12.0
616,0,12.0,3.0,4.0,1.0,0.0
617,1,18.0,1585.0,1586.0,4.0,4.0
618,-1,2.0,0.0,0.0,0.0,0.0
619,0,27.0,2.0,2.0,0.0,0.0
620,0,3.0,0.0,0.0,0.0,0.0
621,0,19.0,0.0,0.0,0.0,0.0
622,1,20.0,67.0,65.0,20.0,28.0
623,0,12.0,25.0,72.0,32.0,19.0
624,0,19.0,2.0,3.0,0.0,2.0
625,1,10.0,3.0,5.0,1.0,3.0
626,0,4.0,0.0,0.0,0.0,0.0
627,0,16.0,0.0,0.0,1.0,2.0
628,0,20.0,14.0,20.0,14.0,5.0
629,0,1.0,0.0,0.0,0.0,0.0
630,0,5.0,0.0,0.0,0.0,0.0
631,0,7.0,8.0,8.0,5.0,21.0
632,0,19.0,239.0,241.0,5.0,5.0
633,1,8.0,0.0,0.0,0.0,0.0
634,1,0.0,26.0,28.0,30.0,14.0
635,0,7.0,1.0,2.0,0.0,0.0
636,0,0.0,4.0,4.0,10.0,1.0
637,0,8.0,23.0,16.0,2.0,3.0
638,0,0.0,6.0,11.0,4.0,2.0
639,0,10.0,61.0,69.0,12.0,13.0
640,0,16.0,147.0,122.0,21.0,10.0
641,0,41.0,4.0,6.0,2.0,4.0
642,0,9.0,0.0,0.0,0.0,0.0
643,0,5.0,2.0,1.0,3.0,1.0
644,0,34.0,17.0,18.0,2.0,2.0
645,1,27.0,39.0,33.0,6.0,4.0
646,0,33.0,0.0,0.0,0.0,0.0
647,0,7.0,0.0,0.0,0.0,0.0
648,0,13.0,2.0,2.0,1.0,3.0
649,0,4.0,2.0,4.0,0.0,0.0
650,0,6.0,1.0,1.0,3.0,0.0
651,1,13.0,75.0,29.0,20.0,32.0
652,1,48.0,42.0,49.0,13.0,12.0
653,0,17.0,34.0,42.0,0.0,1.0
654,0,4.0,6.0,8.0,0.0,1.0
655,0,5.0,0.0,0.0,0.0,0.0
656,0,4.0,10.0,12.0,2.0,1.0
657,0,39.0,13.0,12.0,5.0,2.0
658,0,11.0,7.0,5.0,1.0,0.0
659,0,23.0,0.0,2.0,0.0,0.0
660,0,5.0,0.0,0.0,0.0,0.0
661,0,15.0,23.0,19.0,6.0,1.0
662,0,,,,,
663,0,16.0,3.0,2.0,0.0,1.0
664,0,21.0,4.0,3.0,1.0,2.0
665,0,0.0,19.0,17.0,2.0,7.0
666,1,16.0,29.0,23.0,17.0,25.0
667,0,5.0,1.0,1.0,0.0,0.0
668,0,8.0,1.0,1.0,5.0,4.0
669,0,2.0,0.0,1.0,1.0,0.0
670,0,37.0,17.0,13.0,6.0,5.0
671,0,7.0,13.0,13.0,1.0,0.0
672,0,25.0,8.0,16.0,3.0,12.0
673,0,11.0,10.0,6.0,1.0,1.0
674,0,10.0,0.0,0.0,1.0,0.0
675,-1,2.0,1.0,0.0,0.0,0.0
676,0,9.0,11.0,19.0,11.0,8.0
677,1,39.0,57.0,54.0,25.0,21.0
678,0,25.0,7.0,6.0,38.0,6.0
679,0,15.0,0.0,0.0,0.0,0.0
680,0,5.0,1.0,1.0,0.0,0.0
681,0,0.0,35.0,31.0,21.0,34.0
682,1,14.0,34.0,37.0,24.0,21.0
683,0,13.0,107.0,102.0,9.0,12.0
684,1,4.0,0.0,0.0,0.0,0.0
685,0,12.0,2.0,4.0,0.0,1.0
686,0,7.0,0.0,0.0,0.0,0.0
687,0,13.0,14.0,15.0,5.0,2.0
688,-1,21.0,124.0,111.0,31.0,23.0
689,0,22.0,2.0,1.0,0.0,1.0
690,0,3.0,0.0,0.0,0.0,0.0
691,0,10.0,0.0,0.0,1.0,0.0
692,0,32.0,4.0,4.0,10.0,6.0
693,0,8.0,0.0,0.0,0.0,0.0
694,0,10.0,8.0,16.0,3.0,4.0
695,0,33.0,9.0,4.0,2.0,0.0
696,0,12.0,5.0,6.0,2.0,0.0
697,0,4.0,55.0,47.0,4.0,4.0
698,0,0.0,12.0,19.0,2.0,5.0
699,0,5.0,4.0,6.0,2.0,11.0
700,1,13.0,11.0,9.0,0.0,2.0
701,1,16.0,4.0,2.0,12.0,1.0
702,0,14.0,9.0,11.0,7.0,11.0
703,0,0.0,42.0,44.0,5.0,2.0
704,0,1.0,6.0,4.0,0.0,1.0
705,1,1.0,0.0,0.0,0.0,0.0
706,0,86.0,5.0,4.0,5.0,3.0
707,1,17.0,68.0,70.0,4.0,3.0
709,1,15.0,3.0,3.0,2.0,1.0
710,0,2.0,0.0,0.0,0.0,0.0
711,0,22.0,10.0,11.0,3.0,2.0
712,1,15.0,0.0,0.0,0.0,0.0
713,-1,7.0,0.0,0.0,0.0,0.0
714,0,6.0,8.0,15.0,2.0,2.0
715,0,10.0,0.0,0.0,0.0,0.0
716,0,,,,,
717,0,3.0,0.0,0.0,0.0,0.0
718,0,4.0,0.0,0.0,0.0,0.0
719,0,9.0,0.0,0.0,0.0,0.0
720,1,29.0,7.0,8.0,3.0,3.0
721,0,21.0,0.0,0.0,0.0,0.0
722,1,13.0,0.0,0.0,0.0,0.0
723,0,13.0,0.0,0.0,0.0,0.0
724,0,,,,,
725,0,3.0,0.0,0.0,0.0,0.0
726,0,6.0,0.0,0.0,0.0,0.0
727,0,,,,,
728,0,13.0,0.0,0.0,0.0,0.0
729,0,35.0,0.0,0.0,0.0,0.0
730,1,1.0,0.0,0.0,0.0,0.0
733,0,74.0,0.0,0.0,0.0,0.0
734,0,9.0,0.0,0.0,0.0,0.0
735,1,25.0,0.0,0.0,0.0,0.0
736,0,14.0,45.0,41.0,23.0,19.0
737,0,10.0,0.0,0.0,0.0,0.0
738,0,3.0,0.0,0.0,0.0,0.0
739,0,3.0,0.0,0.0,0.0,0.0
740,0,6.0,0.0,0.0,0.0,0.0
741,0,19.0,0.0,0.0,0.0,0.0
742,0,8.0,1.0,3.0,0.0,0.0
743,1,22.0,28.0,29.0,4.0,2.0
744,0,21.0,22.0,31.0,8.0,4.0
745,0,4.0,0.0,0.0,0.0,0.0
746,-1,10.0,0.0,0.0,0.0,0.0
747,-1,6.0,0.0,0.0,0.0,0.0
748,-1,7.0,7.0,8.0,0.0,0.0
749,-1,15.0,0.0,0.0,0.0,0.0
750,0,2.0,0.0,0.0,0.0,0.0
751,0,3.0,0.0,0.0,0.0,0.0
752,1,26.0,25.0,33.0,0.0,6.0
753,0,2.0,0.0,0.0,0.0,0.0
754,0,5.0,0.0,0.0,0.0,2.0
755,-1,14.0,0.0,0.0,0.0,0.0
756,0,5.0,0.0,0.0,0.0,0.0
757,0,3.0,0.0,0.0,0.0,0.0
758,0,10.0,0.0,0.0,0.0,0.0
759,0,6.0,10.0,13.0,0.0,0.0
760,0,5.0,1.0,0.0,0.0,0.0
761,0,33.0,0.0,0.0,0.0,0.0
762,0,14.0,0.0,0.0,0.0,0.0
763,0,12.0,0.0,0.0,0.0,0.0
764,0,4.0,0.0,1.0,0.0,0.0
765,1,1.0,0.0,0.0,0.0,0.0
766,1,6.0,3.0,3.0,1.0,4.0
767,0,2.0,0.0,0.0,0.0,0.0
768,1,13.0,0.0,0.0,0.0,0.0
769,1,1.0,0.0,0.0,0.0,0.0
770,1,19.0,0.0,0.0,0.0,0.0
771,0,19.0,3.0,4.0,1.0,0.0
772,1,13.0,52.0,43.0,1.0,4.0
773,-1,8.0,0.0,0.0,0.0,0.0
774,0,7.0,24.0,20.0,7.0,4.0
775,0,16.0,0.0,0.0,0.0,0.0
776,1,5.0,0.0,0.0,0.0,0.0
777,1,11.0,0.0,0.0,0.0,0.0
778,-1,13.0,0.0,0.0,0.0,0.0
780,1,16.0,22.0,26.0,3.0,7.0
781,0,12.0,7.0,5.0,0.0,2.0
782,0,5.0,8.0,7.0,1.0,5.0
783,0,1.0,0.0,0.0,1.0,0.0
784,0,26.0,0.0,0.0,1.0,0.0
785,0,14.0,20.0,26.0,16.0,16.0
786,0,19.0,16.0,16.0,3.0,4.0
788,-1,0.0,2.0,2.0,3.0,4.0
789,-1,12.0,0.0,0.0,0.0,0.0
790,1,13.0,0.0,0.0,0.0,0.0
791,1,7.0,0.0,0.0,0.0,1.0
792,0,12.0,0.0,0.0,0.0,0.0
793,0,2.0,0.0,0.0,0.0,0.0
794,-1,8.0,0.0,0.0,0.0,0.0
795,0,7.0,0.0,0.0,0.0,0.0
796,-1,13.0,0.0,0.0,0.0,0.0
797,-1,34.0,2.0,3.0,1.0,3.0
798,0,32.0,21.0,24.0,4.0,4.0
799,0,6.0,5.0,2.0,7.0,1.0
800,0,11.0,6.0,4.0,0.0,0.0
801,0,15.0,3.0,5.0,1.0,3.0
802,0,6.0,14.0,18.0,5.0,1.0
803,1,,,,,
804,0,25.0,10.0,8.0,1.0,0.0
805,0,4.0,11.0,10.0,4.0,2.0
806,-1,18.0,0.0,0.0,0.0,0.0
807,0,8.0,0.0,0.0,1.0,1.0
808,0,4.0,0.0,0.0,0.0,0.0
809,1,32.0,0.0,0.0,0.0,3.0
810,0,2.0,0.0,0.0,0.0,0.0
811,-1,8.0,0.0,0.0,0.0,0.0
812,1,11.0,3.0,7.0,7.0,2.0
813,0,17.0,13.0,13.0,0.0,1.0
814,0,8.0,0.0,0.0,0.0,0.0
815,0,5.0,0.0,0.0,0.0,0.0
816,0,9.0,0.0,0.0,0.0,0.0
817,0,53.0,0.0,0.0,0.0,0.0
818,0,23.0,0.0,0.0,0.0,0.0
819,1,5.0,0.0,0.0,0.0,0.0
820,1,40.0,0.0,0.0,0.0,0.0
822,0,,,,,
823,0,10.0,0.0,0.0,0.0,0.0
824,0,42.0,0.0,0.0,0.0,0.0
825,0,1.0,0.0,0.0,0.0,0.0
826,1,11.0,0.0,0.0,0.0,0.0
827,0,13.0,0.0,0.0,0.0,0.0
828,0,14.0,0.0,0.0,0.0,0.0
829,-1,8.0,0.0,0.0,0.0,0.0
830,0,0.0,22.0,27.0,4.0,7.0
831,0,11.0,0.0,0.0,0.0,0.0
832,1,29.0,0.0,0.0,0.0,0.0
833,0,4.0,0.0,0.0,0.0,0.0
834,0,10.0,0.0,0.0,0.0,0.0
835,0,13.0,0.0,0.0,0.0,0.0
836,-1,26.0,0.0,0.0,0.0,0.0
837,-1,18.0,0.0,0.0,0.0,0.0
838,0,73.0,0.0,0.0,0.0,0.0
839,1,16.0,0.0,0.0,0.0,0.0
840,0,11.0,0.0,0.0,0.0,0.0
841,1,4.0,0.0,0.0,0.0,0.0
842,-1,12.0,0.0,0.0,0.0,0.0
843,-1,0.0,8.0,10.0,0.0,1.0
844,-1,16.0,0.0,0.0,0.0,0.0
845,0,26.0,9.0,7.0,4.0,3.0
846,0,22.0,15.0,12.0,2.0,0.0
847,1,,,,,
848,-1,4.0,0.0,0.0,0.0,0.0
850,-1,13.0,0.0,0.0,0.0,0.0
